Task Type,File Path,Task Question,Answer
hid_img,data/images/1.jpg,,DESOLATE
hid_img,data/images/2.jpg,,EXILED
hid_img,data/images/3.jpg,,DECAYED
hid_img,data/images/4.jpg,,PRESSURE
hid_img,data/images/5.jpg,,OTHERWORLD
triv,,In what year was Swinburne university established?,1908
triv,,What is the title of the song that won the ARIA award for best single in 1987?,You're The Voice
triv,,How many countries in the NATO alliance start with the letter 'S'?,4
triv,,What is Doc Brown's first name in the Back To The Future movies?,Emmet
triv,,What is the full name and title of the person whose assasination started World War 1?,Archduke Franz Ferdinand Carl Ludwig Joseph Maria of Austria
